Country,Year,Poverty_Headcount
Albania,1996,0.029678410969
Albania,2002,0.041947222471
Albania,2005,0.026502175543
Albania,2008,0.008273078683
Albania,2012,0.0179459018
Albania,2014,0.036761394689
Albania,2015,0.011148641529
Albania,2016,0.011406197517
Albania,2016,0.103503872762
Albania,2017,0.014444440683
Albania,2017,0.088681989192
Albania,2018,0.010100295277
Albania,2018,0.065904681455
Albania,2019,0.002723694657
Albania,2020,0.003409224478
Algeria,1988,0.12263
Algeria,1995,0.11807
Algeria,2011,0.0
Angola,2000,0.269546382606
Angola,2008,0.220795823802
Angola,2018,0.392947050923
Armenia,1996,0.21581
Armenia,1999,0.211691228839
Armenia,2001,0.241412339952
Armenia,2002,0.197662283448
Armenia,2003,0.148450499168
Armenia,2004,0.103479724989
Armenia,2005,0.061144600457
Armenia,2006,0.045136206107
Armenia,2007,0.036902799886
Armenia,2008,0.020055044396
Armenia,2009,0.0311419577
Armenia,2010,0.029445042347
Armenia,2011,0.031296057077
Armenia,2012,0.024987929012
Armenia,2013,0.0294678120859999
Armenia,2014,0.034375871285
Armenia,2015,0.028523973119
Armenia,2016,0.025159952103
Armenia,2017,0.023624778076
Armenia,2018,0.028966321983
Armenia,2019,0.024278003634
Armenia,2020,0.015165918748
Armenia,2021,0.021180894605
Armenia,2022,0.018968815725
Armenia,2023,0.019280259348
Australia,1981,0.00993503048
Australia,1985,0.010013097558
Australia,1989,0.00744274979
Australia,1995,0.009927314693
Australia,2001,0.009920649212
Australia,2003,0.009973307113
Australia,2004,0.00712537196
Australia,2008,0.006694529463
Australia,2010,0.003491684119
Australia,2014,0.004984838032
Australia,2016,0.004987417526
Australia,2018,0.004970939722
Australia,2020,0.009892078887
Austria,1994,0.002309148347
Austria,1995,0.0
Austria,1996,0.0
Austria,1997,0.002459834857
Austria,1998,0.002394451395
Austria,1999,0.002260050581
Austria,2000,0.002446319844
Austria,2003,0.003732266211
Austria,2004,0.000816528878
Austria,2005,0.00153690105
Austria,2006,0.001453271749
Austria,2007,0.00381421158
Austria,2008,0.005091001128
Austria,2009,0.006884821983
Austria,2010,0.005196233787
Austria,2011,0.004768217398
Austria,2012,0.006715152033
Austria,2013,0.003379978552
Austria,2014,0.002242602162
Austria,2015,0.006846073075
Austria,2016,0.006640635485
Austria,2017,0.003497297886
Austria,2018,0.005683583696
Austria,2019,0.00646644455
Austria,2020,0.007386064908
Austria,2021,0.004858221894
Austria,2022,0.006439737936
Austria,2023,0.00528223318
Azerbaijan,1995,0.196549225573
Azerbaijan,2001,0.113980124549
Azerbaijan,2002,0.002424021601
Azerbaijan,2003,0.002487477493
Azerbaijan,2004,0.000468296858
Azerbaijan,2005,0.0
Bangladesh,1983,0.47145
Bangladesh,1985,0.41408
Bangladesh,1988,0.51107
Bangladesh,1991,0.512078435817
Bangladesh,1995,0.433907484785
Bangladesh,2000,0.413734879388
Bangladesh,2005,0.323163258145
Bangladesh,2010,0.251185899889
Bangladesh,2016,0.195111669016
Bangladesh,2022,0.059090794131
Barbados,2016,0.016773975741
Belarus,1993,0.03074
Belarus,1995,0.02321
Belarus,1998,0.382470529857
Belarus,1999,0.337453680311
Belarus,2000,0.265052496715
Belarus,2001,0.14723989201
Belarus,2002,0.104376266773
Belarus,2003,0.086801698481
Belarus,2004,0.04262969781
Belarus,2005,0.02440022361
Belarus,2006,0.010611134526
Belarus,2007,0.01062493702
Belarus,2008,0.005179286105
Belarus,2009,0.005401618812
Belarus,2010,0.001721330811
Belarus,2011,0.000546813217
Belarus,2012,0.000812049772
Belarus,2013,0.000224734564
Belarus,2014,0.0
Belarus,2015,0.0
Belarus,2016,0.0
Belarus,2017,0.000275216053
Belarus,2018,0.000220121882
Belarus,2019,0.0
Belarus,2020,0.0
Belgium,1985,0.002401877811
Belgium,1988,0.007352906937
Belgium,1992,0.009832838279
Belgium,1995,0.007291992674
Belgium,1997,0.00492479403
Belgium,2000,0.003055060094
Belgium,2003,0.003932739567
Belgium,2004,0.000520219589
Belgium,2005,0.002526065017
Belgium,2006,0.001921149256
Belgium,2007,0.001704830947
Belgium,2008,0.001184166603
Belgium,2009,0.001180587864
Belgium,2010,0.001421017404
Belgium,2011,0.001840943284
Belgium,2012,0.001720727853
Belgium,2013,0.001445080561
Belgium,2014,0.000764959588
Belgium,2015,0.001371883796
Belgium,2016,0.000598161542
Belgium,2017,0.001749618866
Belgium,2018,0.00089751184
Belgium,2019,0.001068481136
Belgium,2020,0.000858028837
Belgium,2021,0.000365711886
Belgium,2022,0.000204518891
Belgium,2023,0.000869004527
Belize,1993,0.179758560474
Belize,1994,0.181329235498
Belize,1995,0.183565982837
Belize,1996,0.232954921195
Belize,1997,0.260094729468
Belize,1998,0.261114778097
Belize,1999,0.224877342116
Belize,2018,0.010364783108
Benin,2003,0.704572243936
Benin,2011,0.684108679563
Benin,2015,0.658208951291
Benin,2018,0.37176537004
Benin,2021,0.272234156775
Bhutan,2003,0.230914494498
Bhutan,2007,0.12029658813
Bhutan,2012,0.036468898544
Bhutan,2017,0.026142048046
Bhutan,2022,0.00013378285
Bolivia,1997,0.186048986242
Bolivia,1999,0.245767323146
Bolivia,2000,0.282539864566
Bolivia,2001,0.223242306101
Bolivia,2002,0.238880452504
Bolivia,2004,0.132452655764
Bolivia,2005,0.186803087491
Bolivia,2006,0.15909009764
Bolivia,2007,0.12068799282
Bolivia,2008,0.105672092166
Bolivia,2009,0.100365788319
Bolivia,2011,0.069346738492
Bolivia,2012,0.078767117316
Bolivia,2013,0.067578285175
Bolivia,2014,0.055981645485
Bolivia,2015,0.06209847024
Bolivia,2016,0.071725206863
Bolivia,2017,0.064122792693
Bolivia,2018,0.046958622117
Bolivia,2019,0.031385938988
Bolivia,2020,0.042469190065
Bolivia,2021,0.030546807793
Bolivia,2022,0.032671217239
Bolivia,2023,0.028174873726
Bosnia and Herzegovina,2001,0.006440633524
Bosnia and Herzegovina,2004,0.003954833105
Bosnia and Herzegovina,2007,0.001721798808
Bosnia and Herzegovina,2011,0.002351144584
Botswana,1985,0.50131
Botswana,1993,0.42122
Botswana,2002,0.348094008128
Botswana,2009,0.2107088389
Botswana,2015,0.213652593271
Brazil,1981,0.306948386943
Brazil,1982,0.309666447176
Brazil,1983,0.377303337656
Brazil,1984,0.369434341304
Brazil,1985,0.324196623559
Brazil,1986,0.166796597579
Brazil,1987,0.255049196596
Brazil,1988,0.281414280268
Brazil,1989,0.256510183945
Brazil,1990,0.303375286307
Brazil,1992,0.29404223017
Brazil,1993,0.281997992712
Brazil,1995,0.195141173655
Brazil,1996,0.206502716049
Brazil,1997,0.203801365979
Brazil,1998,0.191343457262
Brazil,1999,0.200200588279
Brazil,2001,0.17547114433
Brazil,2002,0.161935211446
Brazil,2003,0.17128704928
Brazil,2004,0.153301969552
Brazil,2005,0.136648473548
Brazil,2006,0.113691751307
Brazil,2007,0.107904789021
Brazil,2008,0.091210861338
Brazil,2009,0.0844449347
Brazil,2011,0.071185496037
Brazil,2012,0.063941837189
Brazil,2013,0.053788607497
Brazil,2014,0.047357452944
Brazil,2015,0.0535384692
Brazil,2016,0.06478709923
Brazil,2017,0.06938963921
Brazil,2018,0.068849211969
Brazil,2019,0.070203095486
Brazil,2020,0.027703787902
Brazil,2021,0.074646967133
Brazil,2022,0.048542665257
Brazil,2023,0.038155887253
Bulgaria,1989,0.0
Bulgaria,1992,0.0
Bulgaria,1994,0.0
Bulgaria,1995,0.019496204279
Bulgaria,1997,0.0
Bulgaria,2001,0.047459444966
Bulgaria,2003,0.022282076485
Bulgaria,2006,0.080208278444
Bulgaria,2007,0.010890927166
Bulgaria,2007,0.0249305257
Bulgaria,2008,0.019363104605
Bulgaria,2009,0.017649867702
Bulgaria,2010,0.026657893913
Bulgaria,2011,0.034488252609
Bulgaria,2012,0.030123000516
Bulgaria,2013,0.032666990917
Bulgaria,2014,0.027208171855
Bulgaria,2015,0.045807728457
Bulgaria,2016,0.030671726333
Bulgaria,2017,0.020031643813
Bulgaria,2018,0.01494672816
Bulgaria,2019,0.016310848048
Bulgaria,2020,0.007054354135
Bulgaria,2021,0.012280911905
Bulgaria,2022,0.010529679522
Bulgaria,2023,0.010110015993
Burkina Faso,1994,0.876483541584
Burkina Faso,1998,0.864439091083
Burkina Faso,2003,0.696329689614
Burkina Faso,2009,0.671733664965
Burkina Faso,2014,0.587374624402
Burkina Faso,2018,0.476810633874
Burkina Faso,2021,0.4206163413
Burundi,1992,0.84977
Burundi,1998,0.876294774541
Burundi,2006,0.815030704097
Burundi,2013,0.758243572771
Burundi,2020,0.74199178033
Cabo Verde,2001,0.371034254186
Cabo Verde,2007,0.261580033747
Cabo Verde,2015,0.146040784273
Cameroon,1996,0.56479289128
Cameroon,2001,0.308169325411
Cameroon,2007,0.360153899374
Cameroon,2014,0.290259295704
Cameroon,2021,0.266917996676
Canada,1971,0.024969073585
Canada,1973,0.017485467108
Canada,1975,0.017485369155
Canada,1977,0.014991961751
Canada,1979,0.012497067463
Canada,1981,0.009999148789
Canada,1982,0.00743109261
Canada,1984,0.009999041641
Canada,1985,0.007456631694
Canada,1986,0.009981897007
Canada,1987,0.00499681667
Canada,1988,0.007493707175
Canada,1989,0.012493499366
Canada,1990,0.012484578007
Canada,1991,0.012476624586
Canada,1992,0.007468885075
Canada,1993,0.012476294652
Canada,1994,0.009895798882
Canada,1995,0.007468089546
Canada,1996,0.004859594635
Canada,1997,0.00494289328
Canada,1998,0.004996556334
Canada,1999,0.004909630583
Canada,2000,0.002478208947
Canada,2001,0.002493815574
Canada,2002,0.002423057653
Canada,2003,0.002371085437
Canada,2004,0.002435584937
Canada,2005,0.002449898556
Canada,2006,0.00249147582
Canada,2007,0.002482524211
Canada,2008,0.002454622841
Canada,2009,0.002443097114
Canada,2010,0.002488310042
Canada,2011,0.002261453926
Canada,2012,0.002465214097
Canada,2013,0.004964854449
Canada,2014,0.002421580503
Canada,2015,0.004959171653
Canada,2016,0.004998126084
Canada,2017,0.004973830709
Canada,2018,0.002499711087
Canada,2019,0.002486375387
Canada,2020,0.002488486422
Canada,2021,0.00249901965
Central African Republic,1992,0.8475
Central African Republic,2008,0.672630122688
Central African Republic,2021,0.716173480662
Chad,2003,0.667001924235
Chad,2011,0.45197653395
Chad,2018,0.418614542836
Chad,2022,0.394753751496
Chile,1987,0.217276398975
Chile,1990,0.16030238115
Chile,1992,0.11069239542
Chile,1994,0.104851120717
Chile,1996,0.079555156421
Chile,1998,0.073965671893
Chile,2000,0.086048065093
Chile,2003,0.079408430218
Chile,2006,0.033363517943
Chile,2009,0.026483012454
Chile,2011,0.016561191548
Chile,2013,0.007804124074
Chile,2015,0.006747478209
Chile,2017,0.004827644599
Chile,2020,0.017220364233
Chile,2022,0.005198356208
China,1981,0.970078082829
China,1984,0.913674525466
China,1987,0.813990942906
China,1990,0.830319624717
China,1993,0.76757615898
China,1996,0.620022224
China,1999,0.584315137401
China,2002,0.481455375
China,2005,0.330984316325
China,2008,0.262423337836
China,2010,0.205866400683
China,2011,0.156968148365
China,2012,0.132419545399
China,2013,0.062256404618
China,2014,0.047445186127
China,2015,0.0297972
China,2016,0.021982438415
China,2017,0.016652044
China,2018,0.007953105603
China,2019,0.0
China,2020,0.0
China,2021,0.0
China,2022,0.0
Colombia,1992,0.160300339664
Colombia,1996,0.247902012946
Colombia,1999,0.281870856665
Colombia,2000,0.239181059287
Colombia,2001,0.295550283119
Colombia,2002,0.212347819446
Colombia,2003,0.197630509057
Colombia,2004,0.192086105842
Colombia,2005,0.168003517246
Colombia,2008,0.165645506263
Colombia,2009,0.150200916464
Colombia,2010,0.131106532542
Colombia,2011,0.112377523217
Colombia,2012,0.108860188702
Colombia,2013,0.09939407601
Colombia,2014,0.089910068943
Colombia,2015,0.080784338996
Colombia,2016,0.079806272754
Colombia,2017,0.0730628014
Colombia,2018,0.073782299193
Colombia,2019,0.087890675714
Colombia,2020,0.134859769312
Colombia,2021,0.112283738229
Colombia,2022,0.092662022531
Colombia,2023,0.076869562509
Comoros,2004,0.278861018821
Comoros,2014,0.313569637862
Costa Rica,1981,0.33519
Costa Rica,1986,0.19264
Costa Rica,1989,0.14398538478
Costa Rica,1990,0.13883034834
Costa Rica,1991,0.171411060645
Costa Rica,1992,0.138012302935
Costa Rica,1993,0.117986901316
Costa Rica,1994,0.093901950401
Costa Rica,1995,0.105982384704
Costa Rica,1996,0.117491605567
Costa Rica,1997,0.09069389683
Costa Rica,1998,0.074750005735
Costa Rica,1999,0.092870994394
Costa Rica,2000,0.097767516729
Costa Rica,2001,0.076033568109
Costa Rica,2002,0.065660155374
Costa Rica,2003,0.068732227109
Costa Rica,2004,0.065921104341
Costa Rica,2005,0.050424627106
Costa Rica,2006,0.051602849689
Costa Rica,2007,0.031409793449
Costa Rica,2008,0.033739828358
Costa Rica,2009,0.036088418148
Costa Rica,2010,0.022089725852
Costa Rica,2011,0.027238453568
Costa Rica,2012,0.025627970824
Costa Rica,2013,0.026420894792
Costa Rica,2014,0.023871447734
Costa Rica,2015,0.024401484374
Costa Rica,2016,0.024028999307
Costa Rica,2017,0.0174887926
Costa Rica,2018,0.023207240148
Costa Rica,2019,0.017298357957
Costa Rica,2020,0.03351781072
Costa Rica,2021,0.021596228464
Costa Rica,2022,0.015987651405
Costa Rica,2023,0.015395533528
Costa Rica,2024,0.012837076978
Croatia,1988,0.0
Croatia,1998,0.0
Croatia,1999,0.0
Croatia,2000,0.0
Croatia,2001,0.0
Croatia,2004,0.0
Croatia,2008,0.000318027471
Croatia,2009,0.00083983899
Croatia,2009,0.010073662453
Croatia,2010,0.0
Croatia,2010,0.01438420493
Croatia,2011,0.009928040748
Croatia,2012,0.010719464674
Croatia,2013,0.012065837391
Croatia,2014,0.011621528765
Croatia,2015,0.006963191283
Croatia,2016,0.008571756572
Croatia,2017,0.006165375814
Croatia,2018,0.005039287487
Croatia,2019,0.003641373341
Croatia,2020,0.004439274176
Croatia,2021,0.003408130294
Croatia,2022,0.003977399325
Croatia,2023,0.002627608912
Cyprus,2004,0.000940679469
Cyprus,2005,0.000541302564
Cyprus,2006,0.000181988188
Cyprus,2007,0.000251591873
Cyprus,2008,8.4702227e-05
Cyprus,2009,0.001119649509
Cyprus,2010,0.000588181008
Cyprus,2011,0.000320712797
Cyprus,2012,4.2377994e-05
Cyprus,2013,0.000970185686
Cyprus,2014,0.000979788796
Cyprus,2015,0.000452805186
Cyprus,2016,0.000762345009
Cyprus,2017,0.000513024685
Cyprus,2018,0.000781815985
Cyprus,2019,0.001747171
Cyprus,2020,0.000220836959
Cyprus,2021,0.000493088418
Cyprus,2022,5.0622796e-05
Cyprus,2023,0.000131681783
Denmark,1987,0.007480515391
Denmark,1992,0.004939520068
Denmark,1995,0.0
Denmark,2000,0.0
Denmark,2003,0.003688679547
Denmark,2004,0.003149806578
Denmark,2005,0.002781513042
Denmark,2006,0.001950069865
Denmark,2007,0.000851585939
Denmark,2008,0.00296725445
Denmark,2009,0.005658648993
Denmark,2010,0.000572940086
Denmark,2011,0.0
Denmark,2012,0.0
Denmark,2013,0.003109156461
Denmark,2014,0.002433200494
Denmark,2015,0.001754258588
Denmark,2016,0.002783869589
Denmark,2017,0.00142542746
Denmark,2018,0.002265287082
Denmark,2019,0.002692090522
Denmark,2020,0.001649913074
Denmark,2021,0.001536796358
Denmark,2022,0.00244478915
Denmark,2023,0.00359224696
Djibouti,2002,0.323299150151
Djibouti,2012,0.263751495719
Djibouti,2013,0.312491499276
Djibouti,2017,0.253608787043
Dominican Republic,1986,0.08717
Dominican Republic,1989,0.20961
Dominican Republic,1992,0.09978
Dominican Republic,1996,0.0795877584
Dominican Republic,1997,0.081434254411
Dominican Republic,2000,0.082628248064
Dominican Republic,2001,0.065839786711
Dominican Republic,2002,0.090040732748
Dominican Republic,2003,0.106751378439
Dominican Republic,2004,0.146348648183
Dominican Republic,2005,0.098547277518
Dominican Republic,2006,0.081170186734
Dominican Republic,2007,0.078263493348
Dominican Republic,2008,0.071428701929
Dominican Republic,2009,0.063265633789
Dominican Republic,2010,0.055469351846
Dominican Republic,2011,0.053372380649
Dominican Republic,2012,0.054305074478
Dominican Republic,2013,0.04425707225
Dominican Republic,2014,0.041287046467
Dominican Republic,2015,0.032675568432
Dominican Republic,2016,0.02963338554
Dominican Republic,2017,0.015202537022
Dominican Republic,2018,0.011012305357
Dominican Republic,2019,0.010089830345
Dominican Republic,2020,0.013026447368
Dominican Republic,2021,0.012714582255
Dominican Republic,2022,0.00955482966
Dominican Republic,2023,0.012726032848
Dominican Republic,2024,0.007753300784
Ecuador,1994,0.215251898065
Ecuador,1999,0.269334314705
Ecuador,2000,0.34052779836
Ecuador,2003,0.188555889269
Ecuador,2004,0.194386829082
Ecuador,2005,0.153785986569
Ecuador,2006,0.108596483976
Ecuador,2007,0.109398068106
Ecuador,2008,0.097861506974
Ecuador,2009,0.093325089661
Ecuador,2010,0.077744759775
Ecuador,2011,0.064440786089
Ecuador,2012,0.060294712983
Ecuador,2013,0.044902395952
Ecuador,2014,0.03969928279
Ecuador,2015,0.047707905456
Ecuador,2016,0.049700647923
Ecuador,2017,0.042794947388
Ecuador,2018,0.046928424752
Ecuador,2019,0.046479164995
Ecuador,2020,0.084386389153
Ecuador,2021,0.052759322162
Ecuador,2022,0.044449181162
Ecuador,2023,0.046807410381
Ecuador,2024,0.073132636601
El Salvador,1989,0.24759
El Salvador,1991,0.289339727579
El Salvador,1995,0.19314212754
El Salvador,1996,0.212448504376
El Salvador,1998,0.263483754769
El Salvador,1999,0.224332258498
El Salvador,2000,0.184440178787
El Salvador,2001,0.194129678507
El Salvador,2002,0.195356292921
El Salvador,2003,0.209413675724
El Salvador,2004,0.163151710731
El Salvador,2005,0.164316626888
El Salvador,2006,0.126225539745
El Salvador,2007,0.091906379052
El Salvador,2008,0.126278569804
El Salvador,2009,0.123565401284
El Salvador,2010,0.113605189234
El Salvador,2011,0.100932748754
El Salvador,2012,0.085443085607
El Salvador,2013,0.071413873918
El Salvador,2014,0.069533309066
El Salvador,2015,0.053014435916
El Salvador,2016,0.057748564711
El Salvador,2017,0.045496538956
El Salvador,2018,0.040671078289
El Salvador,2019,0.029840348132
El Salvador,2021,0.051309082352
El Salvador,2022,0.052067889155
El Salvador,2023,0.046368394104
Equatorial Guinea,2022,0.087941987155
Estonia,1993,0.01625
Estonia,1995,0.00702
Estonia,1998,0.0
Estonia,2000,0.029788592617
Estonia,2001,0.029889500177
Estonia,2002,0.02866871494
Estonia,2003,0.029890798252
Estonia,2003,0.035524281189
Estonia,2004,0.01512354952
Estonia,2004,0.015936589295
Estonia,2005,0.010830727443
Estonia,2006,0.010864190362
Estonia,2007,0.005963540069
Estonia,2008,0.005535272588
Estonia,2009,0.007585304969
Estonia,2010,0.010475495006
Estonia,2011,0.011560694504
Estonia,2012,0.010474346126
Estonia,2013,0.010759390337
Estonia,2014,0.009919047558
Estonia,2015,0.006605012591
Estonia,2016,0.005852307739
Estonia,2017,0.005189627267
Estonia,2018,0.004170030035
Estonia,2019,0.007201876532
Estonia,2020,0.004140314969
Estonia,2021,0.003491605723
Estonia,2022,0.00498252614399999
Estonia,2023,0.003169490054
Eswatini,1994,0.89302
Eswatini,2000,0.649914273441
Eswatini,2009,0.582161901621
Eswatini,2016,0.445309323339
Ethiopia,1995,0.735154675489
Ethiopia,1999,0.658885404127
Ethiopia,2004,0.413287899032
Ethiopia,2010,0.374092013937
Ethiopia,2015,0.329990452674
Ethiopia,2021,0.386361142151
Fiji,2002,0.053669710911
Fiji,2008,0.037875395651
Fiji,2013,0.015519968443
Fiji,2019,0.046530714595
Finland,1987,0.0
Finland,1991,0.0
Finland,1995,0.0
Finland,2000,0.0
Finland,2003,0.000492750369
Finland,2004,0.000456207232
Finland,2005,0.000766781888
Finland,2006,0.000918319849
Finland,2007,0.000637425859
Finland,2008,0.000808131552
Finland,2009,0.000524700864
Finland,2010,0.000690984264
Finland,2011,0.00053382291
Finland,2012,0.000527251577
Finland,2013,0.000856976662
Finland,2014,0.000685294067
Finland,2015,0.000744739098
Finland,2016,0.000472361445
Finland,2017,0.000762504863
Finland,2018,0.000770590882
Finland,2019,0.000410930136
Finland,2020,0.000301006887
Finland,2021,0.000213429628
Finland,2022,0.001059781508
Finland,2023,0.00195064159
France,1970,0.0
France,1975,0.004889662965
France,1979,0.002482016794
France,1984,0.004992035901
France,1990,0.002475460461
France,1996,0.002486389236
France,1997,0.002460969833
France,1998,0.0
France,1999,0.0
France,2000,0.0
France,2001,0.0
France,2002,0.0
France,2003,0.001724807397
France,2004,0.000717691682
France,2005,0.000528995706
France,2006,0.000292775383
France,2007,0.000182645587
France,2008,9.692239e-05
France,2009,0.001079334284
France,2010,0.000899743533
France,2011,0.000361604421
France,2012,0.00060952414
France,2013,0.000826279745
France,2014,0.000291814311
France,2015,0.001451841655
France,2016,0.000647083892
France,2017,0.000184835439
France,2018,0.000211680548
France,2019,0.000514489926
France,2020,0.001148958258
France,2021,0.000705664711
France,2022,0.000548561634
France,2023,0.00069723467
Gabon,2005,0.091752518335
Gabon,2017,0.038104873394
Georgia,1996,0.12208
Georgia,1997,0.282465394539
Georgia,1998,0.268002597716
Georgia,1999,0.327110862855
Georgia,2000,0.350341410046
Georgia,2001,0.367248016379
Georgia,2002,0.222978629124
Georgia,2003,0.22284911284
Georgia,2004,0.209382796711
Georgia,2005,0.223262276568
Georgia,2006,0.224766788748
Georgia,2007,0.238947203813
Georgia,2008,0.216621121122
Georgia,2009,0.211488464085
Georgia,2010,0.236178410535
Georgia,2011,0.216245120137
Georgia,2012,0.187821441718
Georgia,2013,0.148895101905
Georgia,2014,0.120355139668
Georgia,2015,0.106034660551
Georgia,2016,0.104713058289
Georgia,2017,0.110653681489
Georgia,2018,0.109911100151
Georgia,2019,0.097026938135
Georgia,2020,0.11976327659
Georgia,2021,0.107900283076
Georgia,2022,0.077332716974
Georgia,2023,0.058266923656
Georgia,2024,0.042292609845
Germany,1991,0.0
Germany,1992,0.002340871531
Germany,1993,0.0
Germany,1994,0.001976681699
Germany,1995,0.002464368389
Germany,1996,0.0
Germany,1997,0.0
Germany,1998,0.0
Germany,1999,0.0
Germany,2000,0.0
Germany,2001,0.0
Germany,2002,0.0
Germany,2003,0.00229227941
Germany,2004,0.0
Germany,2005,0.0
Germany,2006,0.0
Germany,2007,0.0
Germany,2008,0.0
Germany,2009,0.0
Germany,2010,0.0
Germany,2011,0.0
Germany,2012,0.0
Germany,2013,0.0
Germany,2014,0.0
Germany,2015,0.0
Germany,2016,0.0
Germany,2017,0.002444575469
Germany,2018,0.0
Germany,2019,0.002495794661
Germany,2020,0.00243796318
Ghana,1987,0.78219
Ghana,1988,0.77437
Ghana,1991,0.803623688298
Ghana,1998,0.653485753797
Ghana,2005,0.608869442691
Ghana,2012,0.417655012873
Ghana,2016,0.390257936697
Greece,1995,0.019932335553
Greece,2000,0.002362558201
Greece,2002,0.002417635475
Greece,2003,0.005592209898
Greece,2004,0.009122612625
Greece,2005,0.004470558995
Greece,2006,0.006532314642
Greece,2007,0.006173904959
Greece,2008,0.00365039823
Greece,2009,0.006387006008
Greece,2010,0.010666922843
Greece,2011,0.014706450722
Greece,2012,0.021395427817
Greece,2013,0.015242862767
Greece,2014,0.019677299252
Greece,2015,0.019816222077
Greece,2016,0.013920055305
Greece,2017,0.010717371267
Greece,2018,0.00159876653
Greece,2019,0.009726957151
Greece,2020,0.010963271428
Greece,2021,0.007014273022
Greece,2022,0.006239609318
Greece,2023,0.005942829587
Grenada,2018,0.007673545452
Guatemala,1986,0.47387
Guatemala,1989,0.351280000001
Guatemala,1998,0.1339
Guatemala,2000,0.087963361512
Guatemala,2006,0.105155687427
Guatemala,2014,0.079611413098
Guatemala,2023,0.096609494585
Guinea,1991,0.863689999999
Guinea,1994,0.374605259994
Guinea,2002,0.502816147097
Guinea,2007,0.440259175723
Guinea,2012,0.212595276478
Guinea,2018,0.116504445666
Guinea-Bissau,1991,0.508299999999
Guinea-Bissau,1993,0.528157679851
Guinea-Bissau,2002,0.682261215661
Guinea-Bissau,2010,0.757062500348
Guinea-Bissau,2018,0.37095047769
Guinea-Bissau,2021,0.398611097942
Guyana,1992,0.3328
Guyana,1998,0.130110317975
Haiti,2001,0.751081437329
Haiti,2012,0.404149905124
Haiti,2012,0.650974467696
Honduras,1989,0.49484
Honduras,1990,0.51673
Honduras,1991,0.412693466459
Honduras,1992,0.364884741696
Honduras,1993,0.312947632537
Honduras,1994,0.32938720422
Honduras,1995,0.344217895487
Honduras,1996,0.381577916088
Honduras,1997,0.275188316192
Honduras,1998,0.323060004715
Honduras,1999,0.321214985742
Honduras,2001,0.265422149768
Honduras,2002,0.289548069595
Honduras,2003,0.340004556224
Honduras,2004,0.332938286021
Honduras,2005,0.313398165942
Honduras,2006,0.273066832787
Honduras,2007,0.220138482755
Honduras,2008,0.208798665816
Honduras,2009,0.180620216331
Honduras,2010,0.195584327541
Honduras,2011,0.200840457579
Honduras,2012,0.239685128586
Honduras,2013,0.207934565924
Honduras,2014,0.205949950254
Honduras,2015,0.199336339712
Honduras,2016,0.198420389873
Honduras,2017,0.193274545026
Honduras,2018,0.198462495245
Honduras,2019,0.187790311724
Honduras,2023,0.170212763693
Honduras,2024,0.157173706393
Hungary,1987,0.0
Hungary,1989,0.0
Hungary,1991,0.022400820607
Hungary,1993,0.0
Hungary,1994,0.019131685752
Hungary,1998,0.003869214
Hungary,1999,0.002242571287
Hungary,1999,0.007208780524
Hungary,2000,0.001336620373
Hungary,2001,0.000223071099
Hungary,2002,0.000509668195
Hungary,2003,0.001587212312
Hungary,2004,0.00071507089
Hungary,2004,0.002631559592
Hungary,2005,0.000350882598
Hungary,2005,0.010202754547
Hungary,2006,0.000871783691
Hungary,2006,0.001999382292
Hungary,2007,0.002225797468
Hungary,2007,0.00245288886
Hungary,2008,0.000897419537
Hungary,2009,0.001127360512
Hungary,2010,0.001668813353
Hungary,2011,0.00170669392
Hungary,2012,0.004758299889
Hungary,2013,0.004609007105
Hungary,2014,0.009814092118
Hungary,2015,0.009690301234
Hungary,2016,0.015732795791
Hungary,2017,0.009179572398
Iceland,2003,0.000376928306
Iceland,2004,0.00170065497
Iceland,2005,0.000370196596
Iceland,2006,0.001842796249
Iceland,2007,0.000806141699
Iceland,2008,0.000608150032
Iceland,2009,0.000972006707
Iceland,2010,0.001493844884
Iceland,2011,0.001882955623
Iceland,2012,0.000335558173
Iceland,2013,0.000882093303
Iceland,2014,0.0
Iceland,2015,0.000344901833
Iceland,2016,0.0
Iceland,2017,0.0
Iceland,2018,0.002681579081
Iceland,2019,0.000799420217
India,1977,0.597005238794
India,1983,0.508671284904
India,1987,0.517802604697
India,1993,0.474826347191
India,2004,0.464241686358
India,2009,0.34575579572
India,2011,0.271246924459
India,2022,0.052516401479
Indonesia,1984,0.862464036084
Indonesia,1987,0.868072242752
Indonesia,1990,0.785851754162
Indonesia,1993,0.780028799162
Indonesia,1996,0.681460688394
Indonesia,1998,0.82832253103
Indonesia,1999,0.662095216995
Indonesia,2000,0.656772430593
Indonesia,2001,0.622713083886
Indonesia,2002,0.46839089324
Indonesia,2003,0.455486128974
Indonesia,2004,0.454143934343
Indonesia,2005,0.410938013492
Indonesia,2006,0.468292407793
Indonesia,2007,0.410768322833
Indonesia,2008,0.380051134471
Indonesia,2009,0.378748545284
Indonesia,2010,0.341008844665
Indonesia,2011,0.312102023811
Indonesia,2012,0.26578261247
Indonesia,2013,0.271665517271
Indonesia,2014,0.256611167463
Indonesia,2015,0.215861030955
Indonesia,2016,0.180464647875
Indonesia,2017,0.147567416723
Indonesia,2018,0.124650942181
Indonesia,2019,0.108495215805
Indonesia,2020,0.098477703333
Indonesia,2021,0.085644351867
Indonesia,2022,0.078536344455
Indonesia,2023,0.067161661059
Indonesia,2024,0.054381132299
Iraq,2006,0.005700509796
Iraq,2012,0.00559126757
Iraq,2023,0.005494314201
Ireland,1987,0.012452327897
Ireland,1994,0.004914184024
Ireland,1995,0.004940199027
Ireland,1996,0.002240180846
Ireland,2000,0.001782721973
Ireland,2002,0.002350518347
Ireland,2003,0.002256395135
Ireland,2004,0.000849493236
Ireland,2005,0.000626922581
Ireland,2006,0.004720414067
Ireland,2007,0.001293330946
Ireland,2008,0.00200719593
Ireland,2009,0.005775791367
Ireland,2010,0.00748845107
Ireland,2011,0.006732483444
Ireland,2012,0.005379514256
Ireland,2013,0.007410096912
Ireland,2014,0.004454242525
Ireland,2015,0.004278007887
Ireland,2016,0.003402333723
Ireland,2017,0.003040496647
Ireland,2018,0.000987075031
Ireland,2019,0.000563519477
Ireland,2020,0.00182536579
Ireland,2021,0.001311399996
Ireland,2022,0.002008457483
Ireland,2023,0.000823057657
Israel,1979,0.003793114304
Israel,1986,0.004793321835
Israel,1992,0.002153272753
Israel,1997,0.004663071549
Israel,2001,0.002489777723
Israel,2002,0.007474365983
Israel,2003,0.009380755826
Israel,2004,0.009712280799
Israel,2005,0.009717233446
Israel,2006,0.00499392028
Israel,2007,0.004918123848
Israel,2008,0.007378150978
Israel,2009,0.007393684117
Israel,2010,0.004602039642
Israel,2011,0.002693994309
Israel,2012,0.007456150203
Israel,2013,0.004745733714
Israel,2014,0.007305765069
Israel,2015,0.004938536547
Israel,2016,0.004831343968
Israel,2017,0.007238092004
Israel,2018,0.007167306318
Israel,2019,0.009976542094
Israel,2020,0.007464206157
Israel,2021,0.007207458797
Italy,1977,0.002290640547
Italy,1978,0.004833076561
Italy,1979,0.004883370385
Italy,1980,0.002268673026
Italy,1981,0.00190141971
Italy,1982,0.002341468176
Italy,1983,0.002182319381
Italy,1984,0.002459500269
Italy,1986,0.002469001034
Italy,1987,0.011774479679
Italy,1989,0.0
Italy,1991,0.002289890052
Italy,1993,0.014406859153
Italy,1995,0.007439484283
Italy,1998,0.017424412616
Italy,2000,0.012495170262
Italy,2002,0.017487727838
Italy,2003,0.008816183284
Italy,2004,0.007906819534
Italy,2005,0.007962183779
Italy,2006,0.007647414562
Italy,2007,0.007882039598
Italy,2008,0.008526027721
Italy,2009,0.01079073987
Italy,2010,0.014104554117
Italy,2011,0.012647959918
Italy,2012,0.014115521639
Italy,2013,0.016131835946
Italy,2014,0.014488130551
Italy,2015,0.020502881494
Italy,2016,0.017778952545
Italy,2017,0.01541175297
Italy,2018,0.017016388261
Italy,2019,0.010350132885
Italy,2020,0.008764220785
Italy,2021,0.008676233666
Italy,2022,0.006849133054
Italy,2023,0.009272269336
Jamaica,1988,0.13765
Jamaica,1990,0.116327378479
Jamaica,1993,0.2054
Jamaica,1996,0.08283077025
Jamaica,1999,0.05721438494
Jamaica,2002,0.06409000958
Jamaica,2004,0.045406992207
Jamaica,2018,0.004248894736
Jamaica,2021,0.013869244053
Japan,2008,0.009858601735
Japan,2009,0.008556417991
Japan,2010,0.006889291968
Japan,2011,0.00477987352
Japan,2012,0.014977018393
Japan,2013,0.009594793487
Japan,2014,0.007432924767
Japan,2015,0.004030491135
Japan,2016,0.00734843036
Japan,2017,0.006282901117
Japan,2018,0.009826476883
Japan,2019,0.012214445007
Japan,2020,0.012131145722
Jordan,1986,0.0
Jordan,1992,0.01137
Jordan,1997,0.0
Jordan,2002,0.010321078756
Jordan,2006,0.002890516875
Jordan,2008,0.001182333853
Jordan,2010,0.001041224961
Kazakhstan,1993,0.14643
Kazakhstan,1996,0.146174691202
Kazakhstan,2001,0.206783472772
Kazakhstan,2002,0.162038373687
Kazakhstan,2003,0.122657438479
Kazakhstan,2004,0.075557206016
Kazakhstan,2005,0.145647398811
Kazakhstan,2006,0.023848449372
Kazakhstan,2007,0.010521824301
Kazakhstan,2008,0.007873444646
Kazakhstan,2009,0.007766428099
Kazakhstan,2010,0.005220831433
Kazakhstan,2011,0.002323496861
Kazakhstan,2012,0.001460830891
Kazakhstan,2013,0.000750150536
Kazakhstan,2014,0.000699666203
Kazakhstan,2015,0.001049345357
Kazakhstan,2016,0.001693612152
Kazakhstan,2017,0.001154723209
Kazakhstan,2018,0.00061130204
Kazakhstan,2019,0.000796743813
Kazakhstan,2020,0.000374445508
Kazakhstan,2021,0.000401756451
Kenya,1992,0.32037
Kenya,1994,0.3199488844
Kenya,1997,0.325780969373
Kenya,2005,0.445576504685
Kenya,2015,0.376519076847
Kenya,2020,0.444277156747
Kenya,2021,0.464498496563
Kenya,2022,0.468792274514
Kiribati,2006,0.212811564143
Kiribati,2019,0.061333088329
Latvia,1993,0.0
Latvia,1995,0.02154
Latvia,1996,0.03773
Latvia,1997,0.035190720086
Latvia,1998,0.032760460989
Latvia,2002,0.015314351143
Latvia,2003,0.015075914525
Latvia,2004,0.007877627082
Latvia,2004,0.036543481196
Latvia,2005,0.031104354192
Latvia,2006,0.019456051496
Latvia,2007,0.001123807402
Latvia,2007,0.008321030702
Latvia,2008,0.000838290466
Latvia,2008,0.015865338147
Latvia,2009,0.006433041557
Latvia,2009,0.025985769947
Latvia,2010,0.025962991024
Latvia,2011,0.016572233988
Latvia,2012,0.014388630605
Latvia,2013,0.015389972482
Latvia,2014,0.011159604899
Latvia,2015,0.010333017782
Latvia,2016,0.009612309885
Latvia,2017,0.009826288877
Latvia,2018,0.005591617847
Latvia,2019,0.003374785766
Latvia,2020,0.005121096802
Latvia,2021,0.004906545369
Latvia,2022,0.004241414651
Latvia,2023,0.004440968512
Lebanon,2011,0.000611297583
Lebanon,2022,0.05894135645
Lesotho,1986,0.62817
Lesotho,1994,0.595643564356
Lesotho,2002,0.748583886867
Lesotho,2017,0.418584923481
Liberia,2007,0.610701309741
Liberia,2014,0.317450025732
Liberia,2016,0.33558933768
Lithuania,1993,0.1427
Lithuania,1996,0.0024
Lithuania,1998,0.009789885347
Lithuania,1999,0.012834429304
Lithuania,2000,0.012271613534
Lithuania,2001,0.016344041799
Lithuania,2002,0.013661842694
Lithuania,2003,0.003930066556
Lithuania,2004,0.00404990742
Lithuania,2004,0.039777973428
Lithuania,2005,0.027466924046
Lithuania,2006,0.01849528972
Lithuania,2007,0.016015067661
Lithuania,2008,0.003776818555
Lithuania,2008,0.018110503846
Lithuania,2009,0.027226111585
Lithuania,2010,0.019838555715
Lithuania,2011,0.00890258294
Lithuania,2012,0.010501388132
Lithuania,2013,0.011997246608
Lithuania,2014,0.017161508235
Lithuania,2015,0.010457230471
Lithuania,2016,0.014791507909
Lithuania,2017,0.01167177952
Lithuania,2018,0.009812000955
Lithuania,2019,0.006033842058
Lithuania,2020,0.004728084967
Lithuania,2021,0.003185262305
Lithuania,2022,0.008017551895
Lithuania,2023,0.010979138808
Luxembourg,1985,0.0
Luxembourg,1986,0.0
Luxembourg,1987,0.0
Luxembourg,1988,0.0
Luxembourg,1989,0.0
Luxembourg,1990,0.0
Luxembourg,1991,0.0
Luxembourg,1992,0.0
Luxembourg,1993,0.0
Luxembourg,1994,0.0
Luxembourg,1995,0.0
Luxembourg,1996,0.0
Luxembourg,1997,0.0
Luxembourg,1998,0.0
Luxembourg,1999,0.0
Luxembourg,2000,0.0
Luxembourg,2001,0.0
Luxembourg,2002,0.0
Luxembourg,2003,0.000717466901
Luxembourg,2004,0.000181923313
Luxembourg,2005,0.000412488028
Luxembourg,2006,3.7305125e-05
Luxembourg,2007,0.000219162238
Luxembourg,2008,0.0
Luxembourg,2009,0.00047761885
Luxembourg,2010,0.000328364156
Luxembourg,2011,0.001379186872
Luxembourg,2012,0.000436189462
Luxembourg,2013,0.000891033103
Luxembourg,2014,0.001603865309
Luxembourg,2015,0.003098733507
Luxembourg,2016,0.00117219513
Luxembourg,2017,0.002910417135
Luxembourg,2018,0.003040011044
Luxembourg,2019,0.001011874711
Luxembourg,2020,0.0
Luxembourg,2021,0.000823936052
Luxembourg,2022,0.001043732748
Luxembourg,2023,0.00085137634
Madagascar,1980,0.6173
Madagascar,1993,0.83059162679
Madagascar,1997,0.806699671145
Madagascar,1999,0.785208248423
Madagascar,2001,0.574600755835
Madagascar,2005,0.55312148786
Madagascar,2010,0.652948046725
Madagascar,2012,0.673198089369
Madagascar,2021,0.691726360489
Malawi,1997,0.64561028591
Malawi,2004,0.743958021193
Malawi,2010,0.728859170562
Malawi,2016,0.716524892853
Malawi,2019,0.754382207354
Malaysia,1984,0.06656
Malaysia,1987,0.05856
Malaysia,1989,0.04939
Malaysia,1992,0.05004
Malaysia,1995,0.05233
Malaysia,1997,0.01714
Malaysia,2003,0.031729222379
Malaysia,2006,0.016615137761
Malaysia,2008,0.014825598336
Malaysia,2011,0.003681719961
Malaysia,2013,0.001086721144
Malaysia,2015,0.000522948138
Malaysia,2018,0.000301525585
Malaysia,2021,0.000130829415
Maldives,2002,0.187967085906
Maldives,2009,0.131083172612
Maldives,2016,0.000872521089
Maldives,2019,0.0
Mali,1994,0.893587104969
Mali,2001,0.685516678837
Mali,2006,0.639758663281
Mali,2009,0.633404539317
Mali,2018,0.293824421912
Mali,2021,0.361030773406
Malta,2006,0.005492243193
Malta,2007,0.005275414572
Malta,2008,0.001791750151
Malta,2009,0.004791629887
Malta,2010,0.002585859478
Malta,2011,0.002096036747
Malta,2012,0.001870946874
Malta,2013,0.000296661449
Malta,2014,0.0
Malta,2015,0.000843779646
Malta,2016,0.001135259125
Malta,2017,0.001648641792
Malta,2018,0.001592333903
Malta,2019,0.003046817792
Malta,2020,0.003938395223
Malta,2021,0.001216841738
Malta,2022,0.001100514395
Marshall Islands,2019,0.021009585721
Mauritania,1987,0.507810000001
Mauritania,1993,0.54136
Mauritania,1995,0.317139222529
Mauritania,2000,0.306715555069
Mauritania,2004,0.284806610102
Mauritania,2008,0.192437009725
Mauritania,2014,0.117057048412
Mauritania,2019,0.102215045154
Mauritius,2006,0.011172141168
Mauritius,2012,0.010737178616
Mauritius,2017,0.0054019159
Mexico,1984,0.149545735384
Mexico,1989,0.147746841919
Mexico,1992,0.133212292709
Mexico,1994,0.136476976558
Mexico,1996,0.216943760405
Mexico,1998,0.218923399426
Mexico,2000,0.163460306416
Mexico,2002,0.128046232782
Mexico,2004,0.110482372643
Mexico,2005,0.116611906348
Mexico,2006,0.090430039524
Mexico,2008,0.100833769973
Mexico,2010,0.084090825718
Mexico,2012,0.072911413935
Mexico,2014,0.071985233883
Mexico,2016,0.044368929463
Mexico,2018,0.038940405356
Mexico,2020,0.042560345988
Mexico,2022,0.023303961168
Moldova,1997,0.190971900183
Moldova,1998,0.319057206099
Moldova,1999,0.439749633032
Moldova,2000,0.409976389388
Moldova,2001,0.321912013335
Moldova,2002,0.199295496267
Moldova,2003,0.100319957947
Moldova,2004,0.115521861924
Moldova,2005,0.165806636939
Moldova,2006,0.034036539905
Moldova,2007,0.015820828984
Moldova,2008,0.01697119453
Moldova,2009,0.014702771779
Moldova,2010,0.008351475638
Moldova,2011,0.004649462959
Moldova,2012,0.005213617229
Moldova,2013,0.001476050052
Moldova,2014,4.9855869e-05
Moldova,2015,0.000549451418
Moldova,2016,0.001648900353
Moldova,2017,0.00061244411
Moldova,2018,0.000182387232
Moldova,2019,0.000286451386
Moldova,2020,0.000160785597
Moldova,2021,0.001646478225
Moldova,2022,0.000395530631
Moldova,2023,0.001292223982
Mongolia,1995,0.22109
Mongolia,1998,0.39663
Mongolia,2002,0.186725438598
Mongolia,2007,0.040001598969
Mongolia,2010,0.034940599709
Mongolia,2011,0.021910548541
Mongolia,2012,0.010826794107
Mongolia,2014,0.007806010385
Mongolia,2016,0.019383698359
Mongolia,2018,0.016911339124
Mongolia,2022,0.004398250922
Montenegro,2005,0.0039396748
Montenegro,2006,0.003944173892
Montenegro,2007,0.004039224729
Montenegro,2008,0.003104461856
Montenegro,2009,0.0
Montenegro,2010,0.0
Montenegro,2011,0.003603862413
Montenegro,2012,0.015018683275
Montenegro,2012,0.056017287149
Montenegro,2013,0.019345747528
Montenegro,2013,0.051655702465
Montenegro,2014,0.0
Montenegro,2014,0.038606948414
Montenegro,2015,0.036147054783
Montenegro,2016,0.033178471509
Montenegro,2017,0.04646662546
Montenegro,2018,0.039086416215
Montenegro,2019,0.024932585064
Montenegro,2020,0.022432581106
Montenegro,2021,0.024937990038
Morocco,1984,0.22367
Morocco,1990,0.112476254302
Morocco,1998,0.174938313173
Morocco,2000,0.167940820247
Morocco,2006,0.093740687898
Morocco,2013,0.036758678648
Mozambique,1996,0.876932026055
Mozambique,2002,0.875660777713
Mozambique,2008,0.811276299236
Mozambique,2014,0.743877980112
Mozambique,2019,0.816315922493
Mozambique,2022,0.813613743076
Myanmar,2015,0.18240698435
Myanmar,2017,0.102662284196
Namibia,1993,0.60281
Namibia,2003,0.476091305648
Namibia,2009,0.3859012185
Namibia,2015,0.228630620491
Nauru,2012,0.097185744739
Nepal,1984,0.82748
Nepal,1995,0.707459022732
Nepal,2003,0.556762344043
Nepal,2010,0.215044144628
Nepal,2022,0.024363144871
Netherlands,1983,0.007488262625
Netherlands,1987,0.004515769827
Netherlands,1990,0.012011950479
Netherlands,1993,0.014749865107
Netherlands,1999,0.002028983038
Netherlands,2004,0.003407583693
Netherlands,2005,0.001483200411
Netherlands,2006,0.000457928556
Netherlands,2007,0.00028631331
Netherlands,2008,0.001744469162
Netherlands,2009,0.002281701458
Netherlands,2010,0.000474389074
Netherlands,2011,0.001394508364
Netherlands,2012,0.000758421921
Netherlands,2013,0.000908140786
Netherlands,2014,0.001491274875
Netherlands,2015,0.000682568979
Netherlands,2016,0.000576937575
Netherlands,2017,0.002060889317
Netherlands,2018,0.001121384612
Netherlands,2019,0.000957287046
Netherlands,2020,0.000407975649
Netherlands,2021,0.000972631159
Nicaragua,1993,0.318661734444
Nicaragua,1993,0.471358701338
Nicaragua,1998,0.279610127165
Nicaragua,1998,0.347462869254
Nicaragua,2001,0.294320736289
Nicaragua,2001,0.263100563806
Nicaragua,2005,0.275997650053
Nicaragua,2005,0.164979666408
Nicaragua,2009,0.139141045026
Nicaragua,2014,0.065703775874
Niger,1992,0.88037
Niger,1994,0.889124789544
Niger,2005,0.838485243956
Niger,2007,0.829274522844
Niger,2011,0.688409345627
Niger,2014,0.603037450938
Niger,2018,0.590125005233
Niger,2021,0.604898715199
Nigeria,1985,0.51056
Nigeria,1992,0.551652248288
Nigeria,1996,0.60907909275
Nigeria,2003,0.510969586119
Nigeria,2010,0.384850600522
Nigeria,2012,0.37443412513
Nigeria,2015,0.357665800165
Nigeria,2018,0.341929050051
Nigeria,2022,0.418195490987
North Macedonia,1998,0.03295
North Macedonia,2000,0.116767612317
North Macedonia,2002,0.030208148481
North Macedonia,2003,0.027602360806
North Macedonia,2004,0.013889292592
North Macedonia,2005,0.031495900149
North Macedonia,2006,0.046259259205
North Macedonia,2008,0.014036606989
North Macedonia,2009,0.121209888717
North Macedonia,2010,0.128177794132
North Macedonia,2011,0.109329249487
North Macedonia,2012,0.09110046814
North Macedonia,2013,0.073808967403
North Macedonia,2014,0.064440371872
North Macedonia,2015,0.070044909684
North Macedonia,2016,0.056886808119
North Macedonia,2017,0.056397274187
North Macedonia,2018,0.042799747488
North Macedonia,2019,0.039403511255
Norway,1979,0.002275212226
Norway,1986,0.00244875933
Norway,1991,0.004752488513
Norway,1995,0.00491034531
Norway,2000,0.002350818294
Norway,2003,0.002188037356
Norway,2004,0.002948629478
Norway,2005,0.002120723383
Norway,2006,0.001645022341
Norway,2007,0.00154343336
Norway,2008,0.002401510183
Norway,2009,0.000869477228
Norway,2010,0.00150988138
Norway,2011,0.001284999812
Norway,2012,0.001271743145
Norway,2013,0.001649020846
Norway,2014,0.001129212288
Norway,2015,0.001700492323
Norway,2016,0.002806733074
Norway,2017,0.002916524749
Norway,2018,0.002818009174
Norway,2019,0.001904272392
Norway,2020,0.002949580434
Norway,2021,0.001702402409
Norway,2022,0.002946596378
Norway,2023,0.001970593094
Pakistan,1987,0.806259401884
Pakistan,1990,0.7946474019
Pakistan,1996,0.453188828538
Pakistan,1998,0.502841357223
Pakistan,2001,0.56245185509
Pakistan,2004,0.40866104855
Pakistan,2005,0.408080908287
Pakistan,2007,0.348679479928
Pakistan,2010,0.266555974112
Pakistan,2011,0.259335219565
Pakistan,2013,0.212463761238
Pakistan,2015,0.169114578676
Pakistan,2018,0.16516171077
Panama,1979,0.15648
Panama,1989,0.297725159362
Panama,1991,0.271231241789
Panama,1995,0.211166767197
Panama,1997,0.19907796628
Panama,1998,0.197690384661
Panama,1999,0.17715579036
Panama,2000,0.163451010897
Panama,2001,0.207842021405
Panama,2002,0.172103534502
Panama,2003,0.167966294292
Panama,2004,0.155436704122
Panama,2005,0.145420240538
Panama,2006,0.157188898264
Panama,2007,0.129721487444
Panama,2008,0.090016612491
Panama,2009,0.066456665702
Panama,2010,0.076586060553
Panama,2011,0.060812228162
Panama,2012,0.074382822676
Panama,2013,0.059178907333
Panama,2014,0.063799582269
Panama,2015,0.047844740078
Panama,2016,0.04798022065
Panama,2017,0.04276577763
Panama,2018,0.037465032429
Panama,2019,0.029157352033
Panama,2021,0.033005018443
Panama,2023,0.037323698345
Panama,2024,0.031258316921
Papua New Guinea,1996,0.628041527824
Papua New Guinea,2009,0.522102878901
Paraguay,1990,0.025467464473
Paraguay,1995,0.183046628594
Paraguay,1997,0.149084375671
Paraguay,1999,0.150358441294
Paraguay,2001,0.134704573279
Paraguay,2002,0.19587046426
Paraguay,2003,0.13827893121
Paraguay,2004,0.107189310196
Paraguay,2005,0.100523308931
Paraguay,2006,0.140768435871
Paraguay,2007,0.125611739402
Paraguay,2008,0.079131570635
Paraguay,2009,0.091290169035
Paraguay,2010,0.093821841696
Paraguay,2011,0.089433260682
Paraguay,2012,0.064378379831
Paraguay,2013,0.041128510136
Paraguay,2014,0.042667899165
Paraguay,2015,0.042111597178
Paraguay,2016,0.04169227333
Paraguay,2017,0.023750721313
Paraguay,2018,0.03072910116
Paraguay,2019,0.024438963139
Paraguay,2020,0.025551214611
Paraguay,2021,0.018594976834
Paraguay,2022,0.032322620491
Paraguay,2023,0.023929316712
Paraguay,2024,0.021053328962
Peru,1985,0.062381430644
Peru,1994,0.257178661981
Peru,1997,0.26864558965
Peru,1998,0.257141598519
Peru,1999,0.262962397596
Peru,2000,0.255416148461
Peru,2001,0.273970749295
Peru,2002,0.24392581283
Peru,2003,0.224567285876
Peru,2004,0.235481954431
Peru,2005,0.253752090871
Peru,2006,0.218472563142
Peru,2007,0.188933118838
Peru,2008,0.158089087027
Peru,2009,0.136733008416
Peru,2010,0.112005626102
Peru,2011,0.103399259619
Peru,2012,0.095272385818
Peru,2013,0.086165627147
Peru,2014,0.079933110944
Peru,2015,0.079580616693
Peru,2016,0.074693276325
Peru,2017,0.073140624538
Peru,2018,0.060752500912
Peru,2019,0.054192518229
Peru,2020,0.103081566237
Peru,2021,0.051898446463
Peru,2022,0.048408239443
Peru,2023,0.058787387203
Peru,2024,0.051405638887
Philippines,1985,0.43339
Philippines,1988,0.409994494711
Philippines,1991,0.40636
Philippines,1994,0.38753
Philippines,1997,0.307283307969
Philippines,2000,0.28786371825
Philippines,2000,0.258570376562
Philippines,2003,0.262573005678
Philippines,2003,0.243295946121
Philippines,2006,0.278577877399
Philippines,2006,0.261178839152
Philippines,2009,0.234382544878
Philippines,2009,0.219552130571
Philippines,2012,0.2493752542
Philippines,2012,0.213461667966
Philippines,2015,0.189388509196
Philippines,2015,0.146330811315
Philippines,2018,0.134098794861
Philippines,2018,0.082813708301
Philippines,2021,0.156957445487
Philippines,2021,0.08056821303
Philippines,2023,0.115317326925
Philippines,2023,0.053248993184
Poland,1985,0.0
Poland,1986,0.004912137255
Poland,1987,0.0
Poland,1989,0.0
Poland,1992,0.002236115661
Poland,1993,0.0
Poland,1995,0.024977704962
Poland,1996,0.09014
Poland,1998,0.00183816071
Poland,1999,0.002126553656
Poland,1999,0.009951282615
Poland,2000,0.00342309774
Poland,2001,0.003975789515
Poland,2002,0.003351771622
Poland,2003,0.002204800682
Poland,2004,0.003099922253
Poland,2004,0.028489119252
Poland,2005,0.004771654073
Poland,2005,0.013787447153
Poland,2006,0.00224450635
Poland,2006,0.009311711573
Poland,2007,0.001444322396
Poland,2007,0.005808548637
Poland,2008,0.000821646947
Poland,2008,0.003225994519
Poland,2009,0.000874402203
Poland,2009,0.005511034293
Poland,2010,0.000543325027
Poland,2010,0.005707803565
Poland,2011,0.000646293836
Poland,2011,0.005596259203
Poland,2012,0.000661500961
Poland,2012,0.004273663051
Poland,2013,0.000215772542
Poland,2013,0.005683810224
Poland,2014,0.000327984782
Poland,2014,0.005662562488
Poland,2015,0.000187317921
Poland,2015,0.005236506634
Poland,2016,8.4544776e-05
Poland,2016,0.003610555192
Poland,2017,0.000130779066
Poland,2017,0.004231835374
Poland,2018,8.4614631e-05
Poland,2018,0.003060127366
Poland,2019,0.000143858546
Poland,2019,0.001024608669
Poland,2020,0.001890684891
Poland,2021,0.001142950259
Poland,2022,0.003239148857
Poland,2023,0.002441274355
Portugal,2003,0.010826147023
Portugal,2004,0.006648847073
Portugal,2005,0.007043591502
Portugal,2006,0.001753897214
Portugal,2007,0.00614497145
Portugal,2008,0.00347877975
Portugal,2009,0.001703439966
Portugal,2010,0.002196749956
Portugal,2011,0.00623575537
Portugal,2012,0.008823910783
Portugal,2013,0.010437044481
Portugal,2014,0.007766962345
Portugal,2015,0.007302582403
Portugal,2016,0.004100628641
Portugal,2017,0.004408294107
Portugal,2018,0.003823885881
Portugal,2019,0.001849147054
Portugal,2020,0.006367834646
Portugal,2021,0.00327434202
Portugal,2022,0.00224745072
Portugal,2023,0.004132632585
Qatar,2017,0.0
Romania,1989,0.0
Romania,1992,0.0
Romania,1994,0.18412
Romania,1995,0.034967882245
Romania,1997,0.042488422906
Romania,1998,0.035570662365
Romania,1999,0.109472138457
Romania,2000,0.118997743227
Romania,2001,0.095156360568
Romania,2002,0.090992076061
Romania,2003,0.070085743761
Romania,2004,0.05251617443
Romania,2005,0.041573018125
Romania,2006,0.041018671652
Romania,2006,0.110750247042
Romania,2007,0.027552964092
Romania,2007,0.081432666998
Romania,2008,0.01201964301
Romania,2008,0.060456829442
Romania,2009,0.008440147186
Romania,2009,0.053453257054
Romania,2010,0.012441961921
Romania,2010,0.062912441155
Romania,2011,0.009427035183
Romania,2011,0.07117063306
Romania,2012,0.009064757847
Romania,2012,0.0836819111
Romania,2013,0.009686848186
Romania,2013,0.087443130727
Romania,2014,0.088859229339
Romania,2015,0.075997445271
Romania,2016,0.0
Romania,2016,0.052223630833
Romania,2017,0.048952637057
Romania,2018,0.0
Romania,2018,0.037382540487
Romania,2019,0.0
Romania,2019,0.030924562787
Romania,2020,0.0
Romania,2020,0.024292544691
Romania,2021,0.0
Romania,2021,0.020289816888
Romania,2022,0.014528088604
Romania,2023,0.007001521502
Rwanda,2000,0.823138299843
Rwanda,2005,0.741606109001
Rwanda,2010,0.701623254235
Rwanda,2013,0.652409959218
Rwanda,2016,0.638438186686
Rwanda,2023,0.385504912143
Samoa,2002,0.058880903199
Samoa,2008,0.037428566214
Samoa,2013,0.04458563722
Senegal,1991,0.77326
Senegal,1994,0.72205
Senegal,2001,0.638954739759
Senegal,2005,0.535722245806
Senegal,2011,0.532875211498
Senegal,2018,0.191496989358
Senegal,2021,0.178874715861
Serbia,2002,0.004229090853
Serbia,2003,0.008549826774
Serbia,2004,0.012327885971
Serbia,2005,0.016416659415
Serbia,2006,0.009439948558
Serbia,2007,0.006294722516
Serbia,2008,0.002885628534
Serbia,2009,0.006014688628
Serbia,2010,0.003454119161
Serbia,2012,0.071459499111
Serbia,2013,0.006654017139
Serbia,2013,0.078345844967
Serbia,2014,0.088788544658
Serbia,2015,0.002229794125
Serbia,2015,0.084099020672
Serbia,2016,0.080929606811
Serbia,2017,0.066460146674
Serbia,2018,0.001304488636
Serbia,2018,0.041540095405
Serbia,2019,0.002373391597
Serbia,2019,0.027242730635
Serbia,2020,0.020365921819
Serbia,2021,0.01696320841
Serbia,2022,0.020390720141
Seychelles,1999,0.017591750076
Seychelles,2006,0.006121243629
Seychelles,2013,0.015764601914
Seychelles,2018,0.00673632911
Sierra Leone,2003,0.723543544631
Sierra Leone,2011,0.536975780854
Sierra Leone,2018,0.414851997056
Slovenia,1987,0.0
Slovenia,1993,0.0
Slovenia,1997,0.00231496297
Slovenia,1998,0.0
Slovenia,1999,0.002472071247
Slovenia,2002,0.000530250736
Slovenia,2003,0.0
Slovenia,2004,0.001131541156
Slovenia,2005,0.0012446742
Slovenia,2006,0.000789556512
Slovenia,2007,0.000353816195
Slovenia,2008,0.0
Slovenia,2009,0.000160372448
Slovenia,2010,9.1577446e-05
Slovenia,2011,0.0
Slovenia,2012,0.000262544466
Slovenia,2013,0.00021756855
Slovenia,2014,0.0
Slovenia,2015,4.8529581e-05
Slovenia,2016,0.0
Slovenia,2017,0.0
Slovenia,2018,0.0
Slovenia,2019,0.0
Slovenia,2020,0.0
Slovenia,2021,0.0
Slovenia,2022,0.0
Slovenia,2023,0.0
Solomon Islands,2005,0.621873623498
Solomon Islands,2012,0.403014878259
South Africa,1993,0.44618
South Africa,2000,0.4791
South Africa,2005,0.421128431596
South Africa,2008,0.302781100575
South Africa,2010,0.295396166574
South Africa,2014,0.312106044238
South Sudan,2009,0.44877140193
South Sudan,2016,0.765026430675
Spain,1980,0.007451286586
Spain,1985,0.004568684022
Spain,1990,0.004944265028
Spain,1993,0.014910033976
Spain,1994,0.012453302787
Spain,1995,0.014823423858
Spain,1996,0.014911163945
Spain,1997,0.009859978332
Spain,1998,0.00952704521
Spain,1999,0.007201180078
Spain,2000,0.00912691419
Spain,2003,0.009082441475
Spain,2004,0.010159494984
Spain,2005,0.008567684202
Spain,2006,0.008842268043
Spain,2007,0.005590894154
Spain,2008,0.005587315502
Spain,2009,0.008649964723
Spain,2010,0.00749513749
Spain,2011,0.012902318509
Spain,2012,0.010190788702
Spain,2013,0.013091050184
Spain,2014,0.009475360074
Spain,2015,0.010543920173
Spain,2016,0.012991790096
Spain,2017,0.008333411086
Spain,2018,0.009773517801
Spain,2019,0.008941992474
Spain,2020,0.010968449778
Spain,2021,0.006577910223
Spain,2022,0.007852282438
Spain,2023,0.00813408364
Sri Lanka,1985,0.28247
Sri Lanka,1990,0.233715975868
Sri Lanka,1995,0.230322145382
Sri Lanka,2002,0.207079868442
Sri Lanka,2006,0.121606778711
Sri Lanka,2009,0.07806097784
Sri Lanka,2012,0.063621182306
Sri Lanka,2016,0.038126644418
Sri Lanka,2019,0.027054540566
Sudan,2009,0.130892984012
Sudan,2014,0.100999562123
Suriname,2022,0.021780425609
Sweden,1975,0.004989867083
Sweden,1981,0.004988672371
Sweden,1987,0.00246255298
Sweden,1992,0.002435131992
Sweden,1995,0.004999895809
Sweden,2000,0.002495684207
Sweden,2001,0.002486778086
Sweden,2002,0.0
Sweden,2003,0.003536416165
Sweden,2004,0.004543750516
Sweden,2005,0.011382971392
Sweden,2006,0.004128701786
Sweden,2007,0.004573916474
Sweden,2008,0.006590727644
Sweden,2009,0.005270562771
Sweden,2010,0.006387345702
Sweden,2011,0.006580606748
Sweden,2012,0.004747487906
Sweden,2013,0.006508714427
Sweden,2014,0.005263103806
Sweden,2015,0.006491912485
Sweden,2016,0.004226093196
Sweden,2017,0.002654955971
Sweden,2018,0.008583863997
Sweden,2019,0.00360092973
Sweden,2020,0.00451247616
Sweden,2021,0.006434689708
Sweden,2022,0.012714952737
Sweden,2023,0.008379480769
Switzerland,1982,0.006974070746
Switzerland,1992,0.007259761024
Switzerland,2000,0.002408946309
Switzerland,2002,0.0
Switzerland,2004,0.002388521178
Switzerland,2006,0.000760772746
Switzerland,2007,0.000708954771
Switzerland,2008,0.000783518215
Switzerland,2009,0.000380577311
Switzerland,2010,0.000712503803
Switzerland,2011,0.000105143741
Switzerland,2012,8.9654953e-05
Switzerland,2013,0.000421837433
Switzerland,2014,0.000327680639
Switzerland,2015,0.000305425563
Switzerland,2016,0.000449190093
Switzerland,2017,0.00021825939
Switzerland,2018,0.000352593844
Switzerland,2019,0.000173868469
Switzerland,2020,0.00070526656
Switzerland,2021,0.0003814099
Switzerland,2022,0.002086946794
Tajikistan,1999,0.794360581031
Tajikistan,2003,0.56009244392
Tajikistan,2004,0.371560894656
Tajikistan,2007,0.241907746559
Tajikistan,2009,0.157076846713
Tajikistan,2015,0.133302542305
Tajikistan,2021,0.090671495255
Tajikistan,2022,0.08852835639
Tajikistan,2023,0.072912759737
Tajikistan,2024,0.0613354089
Tanzania,1991,0.734561966381
Tanzania,2000,0.869373639817
Tanzania,2007,0.6187517799
Tanzania,2011,0.515324519809
Tanzania,2018,0.513468689293
Thailand,1981,0.30999
Thailand,1988,0.26707
Thailand,1990,0.21051671979
Thailand,1992,0.162147315934
Thailand,1994,0.092499864249
Thailand,1996,0.064248151487
Thailand,1998,0.057169535428
Thailand,1999,0.083206300214
Thailand,2000,0.084323625059
Thailand,2002,0.046585167351
Thailand,2004,0.030930886939
Thailand,2006,0.02219007818
Thailand,2007,0.012836677541
Thailand,2008,0.009915566227
Thailand,2009,0.007856127131
Thailand,2010,0.007086166622
Thailand,2011,0.00303106052
Thailand,2012,0.00387832461
Thailand,2013,0.002126150413
Thailand,2014,0.00228820297
Thailand,2015,0.001318817974
Thailand,2016,0.001378377152
Thailand,2017,0.001001059096
Thailand,2018,0.001064360336
Thailand,2019,0.001346336055
Thailand,2020,0.00063043409
Thailand,2021,0.000286008266
Thailand,2022,0.000202693647
Thailand,2023,4.842255e-05
Timor-Leste,2001,0.557062857593
Timor-Leste,2007,0.601259249847
Timor-Leste,2014,0.439356075407
Togo,2006,0.672224386036
Togo,2011,0.65212771064
Togo,2015,0.614655900386
Togo,2018,0.351255963263
Togo,2021,0.344180057867
Tonga,2000,0.045745198514
Tonga,2009,0.036400872569
Tonga,2015,0.039901592663
Tonga,2021,0.004088190333
Trinidad and Tobago,1988,0.00586
Trinidad and Tobago,1992,0.03238
Tunisia,1985,0.21607
Tunisia,1990,0.16295
Tunisia,1995,0.17357
Tunisia,2000,0.10512
Tunisia,2005,0.059001073024
Tunisia,2010,0.031289333192
Tunisia,2015,0.006576976551
Tunisia,2021,0.006540433363
Turkmenistan,1998,0.350758575198
Tuvalu,2010,0.089907876125
Uganda,1989,0.7277
Uganda,1992,0.798879327604
Uganda,1996,0.785472057382
Uganda,1999,0.806072905121
Uganda,2002,0.785756108166
Uganda,2005,0.724035954089
Uganda,2009,0.635498753956
Uganda,2012,0.561621117016
Uganda,2016,0.601053165622
Uganda,2019,0.597843749033
Ukraine,1992,0.080741871811
Ukraine,1993,0.051116378651
Ukraine,1995,0.14498
Ukraine,1996,0.152387766053
Ukraine,1999,0.24838
Ukraine,2002,0.062564627357
Ukraine,2003,0.032376095753
Ukraine,2004,0.027920779304
Ukraine,2005,0.011141378552
Ukraine,2006,0.006670841569
Ukraine,2007,0.004617693578
Ukraine,2008,0.001272871657
Ukraine,2009,0.003170226509
Ukraine,2010,0.001337386543
Ukraine,2011,0.000709468116
Ukraine,2012,0.001367842616
Ukraine,2013,0.000529620481
Ukraine,2014,0.000263859841
Ukraine,2015,0.002730813708
Ukraine,2016,0.002490740467
Ukraine,2017,0.000833042103
Ukraine,2018,0.002360951613
Ukraine,2019,0.001800775039
Ukraine,2020,0.000337677518
United Arab Emirates,2013,0.0
United Arab Emirates,2018,0.0
United Kingdom,1968,0.002227999797
United Kingdom,1969,0.0024375852
United Kingdom,1970,0.002344352874
United Kingdom,1971,0.0
United Kingdom,1972,0.00230067431
United Kingdom,1973,0.0
United Kingdom,1974,0.002383688729
United Kingdom,1975,0.002368476201
United Kingdom,1976,0.0
United Kingdom,1977,0.002446809181
United Kingdom,1978,0.0
United Kingdom,1979,0.0
United Kingdom,1980,0.0
United Kingdom,1981,0.0
United Kingdom,1982,0.002359740027
United Kingdom,1983,0.0
United Kingdom,1984,0.002477439233
United Kingdom,1985,0.002179448964
United Kingdom,1986,0.002466789957
United Kingdom,1987,0.0
United Kingdom,1988,0.002267002421
United Kingdom,1989,0.002318226134
United Kingdom,1990,0.002188472475
United Kingdom,1991,0.002262572311
United Kingdom,1992,0.002400857305
United Kingdom,1993,0.002411700052
United Kingdom,1994,0.00246627261
United Kingdom,1995,0.002471414099
United Kingdom,1996,0.00246367195
United Kingdom,1997,0.002472511323
United Kingdom,1998,0.002455574416
United Kingdom,1999,0.002485318905
United Kingdom,2000,0.002488853831
United Kingdom,2001,0.002479308367
United Kingdom,2002,0.002494057609
United Kingdom,2003,0.002498727279
United Kingdom,2004,0.002497664215
United Kingdom,2005,0.002466498068
United Kingdom,2006,0.002301396254
United Kingdom,2007,0.002437754077
United Kingdom,2008,0.002468744926
United Kingdom,2009,0.002489277106
United Kingdom,2010,0.002463516393
United Kingdom,2011,0.002473062095
United Kingdom,2012,0.004941608059
United Kingdom,2013,0.002444582326
United Kingdom,2014,0.002463004748
United Kingdom,2015,0.002492474142
United Kingdom,2016,0.002491728599
United Kingdom,2017,0.002492965635
United Kingdom,2018,0.004984822352
United Kingdom,2019,0.004980384657
United Kingdom,2020,0.004993337475
United Kingdom,2021,0.004983113394
United States,1963,0.014986122884
United States,1964,0.014979493102
United States,1965,0.012493481521
United States,1966,0.012411878025
United States,1967,0.009984770156
United States,1968,0.009991681126
United States,1969,0.007479205986
United States,1970,0.009985742467
United States,1971,0.009979063
United States,1972,0.007486614632
United States,1973,0.00749564328
United States,1974,0.007471598105
United States,1975,0.007462597456
United States,1976,0.007443531346
United States,1977,0.00499498971
United States,1978,0.007489868766
United States,1979,0.007496048546
United States,1980,0.004995189119
United States,1981,0.004992745314
United States,1982,0.007477311402
United States,1983,0.007487713231
United States,1984,0.00749372453
United States,1985,0.007496561637
United States,1986,0.007468453669
United States,1987,0.00499271471
United States,1988,0.004992038965
United States,1989,0.00499201257
United States,1990,0.00497143244
United States,1991,0.004993872104
United States,1992,0.004978993377
United States,1993,0.007483688144
United States,1994,0.0074711952
United States,1995,0.007477349302
United States,1996,0.007485454101
United States,1997,0.007490616451
United States,1998,0.007488340605
United States,1999,0.007480562125
United States,2000,0.007495953663
United States,2001,0.009982752611
United States,2002,0.009995091932
United States,2003,0.009974197329
United States,2004,0.009998820394
United States,2005,0.009997318108
United States,2006,0.009986555209
United States,2007,0.009996451462
United States,2008,0.009997492412
United States,2009,0.009993860188
United States,2010,0.012480615441
United States,2011,0.009989761698
United States,2012,0.009984796841
United States,2013,0.009954639226
United States,2014,0.01248946822
United States,2015,0.012491881047
United States,2016,0.012479338052
United States,2017,0.012499228773
United States,2018,0.009997918753
United States,2019,0.009991705216
United States,2020,0.004996182708
United States,2021,0.004962898847
United States,2022,0.012491856636
United States,2023,0.012497341251
Uruguay,2006,0.0102479572
Uruguay,2007,0.007409601955
Uruguay,2008,0.004102528256
Uruguay,2009,0.004380737724
Uruguay,2010,0.002916022531
Uruguay,2011,0.002455418137
Uruguay,2012,0.002694946647
Uruguay,2013,0.003063146105
Uruguay,2014,0.002115371042
Uruguay,2015,0.002163830846
Uruguay,2016,0.001253963023
Uruguay,2017,0.001175442108
Uruguay,2018,0.000902213518
Uruguay,2019,0.001317269076
Uruguay,2020,0.00276614517
Uruguay,2021,0.001543295697
Uruguay,2022,0.002402340552
Uruguay,2023,0.001693896922
Uruguay,2024,0.001671597745
Uzbekistan,1998,0.797930156769
Uzbekistan,2000,0.937522292891
Uzbekistan,2002,0.931025231579
Uzbekistan,2003,0.93333818636
Uzbekistan,2021,0.043736225672
Uzbekistan,2022,0.043929375898
Uzbekistan,2023,0.040662767267
Uzbekistan,2024,0.027182952242
Vanuatu,2010,0.2571126485
Vanuatu,2019,0.194956027089
Zambia,1991,0.629841047823
Zambia,1993,0.670589999999
Zambia,1996,0.560601809972
Zambia,1998,0.566236840208
Zambia,2002,0.679815678147
Zambia,2004,0.689310164124
Zambia,2006,0.719630278309
Zambia,2010,0.713671926474
Zambia,2015,0.678928365446
Zambia,2022,0.716561479968
Zimbabwe,2011,0.35717
Zimbabwe,2017,0.446568730815
Zimbabwe,2019,0.492198937027
